fashion,clothing,jeans and trousers,jeans,"""Apparel & Accessories > Clothing > Pants > Jeans"""
fashion,clothing,jeans and trousers,trousers,"""Apparel & Accessories > Clothing > Pants > Casual Pants"""
fashion,clothing,jeans and trousers,sports pants and trousers,"""Apparel & Accessories > Clothing > Pants > Casual Pants"""
fashion,clothing,leggings and tights,leggings,"""Apparel & Accessories > Clothing > Pants > Leggings"""
fashion,clothing,leggings and tights,tights,"""Apparel & Accessories > Clothing > Pants > Leggings"""
fashion,clothing,shorts and skirts,shorts,"""Apparel & Accessories > Clothing > Shorts"""
fashion,clothing,shorts and skirts,skirts,"""Apparel & Accessories > Clothing > Skirts"""
fashion,clothing,"t-shirts, polos and vests",t-shirts,"""Apparel & Accessories > Clothing > Shirts & Tops > T-Shirts"""
fashion,clothing,"t-shirts, polos and vests",vests,"""Apparel & Accessories > Clothing > Outerwear > Vests"""
fashion,clothing,"t-shirts, polos and vests",polo shirts,"""Apparel & Accessories > Clothing > Shirts & Tops > Polo Shirts"""
fashion,clothing,hoodies and sweatshirts,hoodies,"""Apparel & Accessories > Clothing > Shirts & Tops > Sweaters & Cardigans"""
fashion,clothing,hoodies and sweatshirts,one pieces,"""Apparel & Accessories > Clothing > One-pieces > Jumpsuits & Rompers"""
fashion,clothing,hoodies and sweatshirts,sweatshirts,"""Apparel & Accessories > Clothing > Shirts & Tops > Sweaters & Cardigans"""
fashion,clothing,coats and jackets,,"""Apparel & Accessories > Clothing > Outerwear > Coats & Jackets > Outdoor Coats & Jackets"""
fashion,clothing,jumpers and cardigans,jumpers,"""Apparel & Accessories > Clothing > Shirts & Tops > Sweaters & Cardigans"""
fashion,clothing,jumpers and cardigans,cardigans,"""Apparel & Accessories > Clothing > Shirts & Tops > Sweaters & Cardigans"""
fashion,clothing,jumpers and cardigans,ponchos,"""Apparel & Accessories > Clothing > Outerwear > Coats & Jackets > Capes & Ponchos"" "
fashion,clothing,tops,,"""Apparel & Accessories > Clothing > Shirts & Tops"""
fashion,clothing,blouses and tunics,blouses,"""Apparel & Accessories > Clothing > Shirts & Tops > Shirts & Blouses"""
fashion,clothing,blouses and tunics,tunics,"""Apparel & Accessories > Clothing > Shirts & Tops > Shirts & Blouses"""
fashion,clothing,shirts,,"""Apparel & Accessories > Clothing > Shirts & Tops > Shirts & Blouses"""
fashion,clothing,underwear and socks,socks,"""Apparel & Accessories > Clothing > Underwear & Socks > Socks"""
fashion,clothing,underwear and socks,pants and knickers,"""Apparel & Accessories > Clothing > Underwear & Socks > Underwear"""
fashion,clothing,underwear and socks,bras,"""Apparel & Accessories > Clothing > Underwear & Socks > Bras"""
fashion,clothing,underwear and socks,lingerie,"""Apparel & Accessories > Clothing > Underwear & Socks > Lingerie"""
fashion,clothing,dresses,,"""Apparel & Accessories > Clothing > Dresses"""
fashion,clothing,nightwear,pyjamas,"""Apparel & Accessories > Clothing > Sleepwear & Loungewear > Pajamas"""
fashion,clothing,nightwear,dressing gowns,"""Apparel & Accessories > Clothing > Sleepwear & Loungewear > Nightgowns"""
fashion,clothing,suits,,"""Apparel & Accessories > Clothing > Suits"""
fashion,shoes,trainers and sneakers,,"""Apparel & Accessories > Shoes > Sneakers"""
fashion,shoes,flip flops and sandals,,"""Apparel & Accessories > Shoes > Sandals > Thongs & Flip-Flops"""
fashion,shoes,high heels,,"""Apparel & Accessories > Shoes"""
fashion,shoes,slippers,,"""Apparel & Accessories > Shoes > Slippers"""
fashion,shoes,boots,,"""Apparel & Accessories > Shoes > Boots"""
fashion,shoes,formal shoes,,"""Apparel & Accessories > Shoes"""
fashion,fashion accessories,bags and purses,hand bags,"""Apparel & Accessories > Handbags"""
fashion,fashion accessories,bags and purses,clutch bags,"""Apparel & Accessories > Handbags > Clutches & Special Occasion Bags"""
fashion,fashion accessories,bags and purses,shopping and tote bags,"""Luggage & Bags > Shopping Totes"""
fashion,fashion accessories,bags and purses,purses,"""Apparel & Accessories > Handbags > Wristlets"""
fashion,fashion accessories,bags and purses,briefcases,"""Luggage & Bags > Business Bags > Briefcases"""
fashion,fashion accessories,bags and purses,backpacks,"""Luggage & Bags > Backpacks"""
fashion,fashion accessories,bags and purses,satchels and shoulder bags,"""Apparel & Accessories > Handbags > Satchels"""
fashion,fashion accessories,bags and purses,holdalls,"""Luggage & Bags > Duffel Bags"""
fashion,fashion accessories,bags and purses,toiletry and makeup bags,"""Luggage & Bags > Toiletry Bags"""
fashion,fashion accessories,belts,,"""Apparel & Accessories > Clothing Accessories > Belts"""
fashion,fashion accessories,"hats, gloves and scarves",hats,"""Apparel & Accessories > Clothing Accessories > Hats"""
fashion,fashion accessories,"hats, gloves and scarves",gloves,"""Apparel & Accessories > Clothing Accessories > Gloves & Mittens > Gloves"""
fashion,fashion accessories,"hats, gloves and scarves",,"""Apparel & Accessories > Clothing Accessories"""
fashion,fashion accessories,"hats, gloves and scarves",neck scarves,"""Apparel & Accessories > Clothing Accessories > Scarves & Shawls"""
fashion,fashion accessories,"hats, gloves and scarves",head scarves,"""Apparel & Accessories > Clothing Accessories > Scarves & Shawls"""
fashion,fashion accessories,ties,,"""Apparel & Accessories > Clothing Accessories > Neckties > Ties"""
fashion,fashion accessories,wallets,,"""Apparel & Accessories > Wallets & Money Clips"""
fashion,fashion accessories,eyewear,glasses,"""Health & Beauty > Personal Care > Vision Care > Eye Glasses"""
fashion,fashion accessories,eyewear,sunglasses,"""Apparel & Accessories > Clothing Accessories > Sunglasses"""
fashion,fashion accessories,watches,,"""Apparel & Accessories > Jewelry > Watches"""
fashion,fashion accessories,keyrings,,"""Luggage & Bags > Luggage Accessories > Keychains"""
fashion,fashion accessories,gadget accessories,laptops,"""Electronics > Computers > Computer Accessories > Laptop Accessories"""
fashion,fashion accessories,gadget accessories,phones,"""Electronics > Communications > Telephony > Mobile Phone Accessories"""
fashion,fashion accessories,gadget accessories,tablets,"""Electronics > Computers > Computer Components > Input Devices > Graphics Tablet Accessories"""
fashion,fashion accessories,handkerchiefs,,"""Apparel & Accessories > Clothing Accessories > Headwear & Kerchiefs > Bandanas & Handkerchiefs"""
fashion,fashion accessories,other fashion accessories,,"""Apparel & Accessories"""
fashion,jewellery,bracelets and bangles,,"""Apparel & Accessories > Jewelry > Bracelets"""
fashion,jewellery,earrings,,"""Apparel & Accessories > Jewelry > Earrings"""
fashion,jewellery,jewellery boxes,,"""Health & Beauty > Jewelry Cleaning & Care > Jewelry Boxes"""
fashion,jewellery,jewellery sets,,"""Apparel & Accessories > Jewelry"""
fashion,jewellery,necklaces,,"""Apparel & Accessories > Jewelry > Necklaces"""
fashion,jewellery,pins and brooches,,"""Apparel & Accessories > Jewelry > Brooches & Lapels"""
fashion,jewellery,rings,,"""Apparel & Accessories > Jewelry > Rings"""
fashion,jewellery,hairbands and clips,hairbands,"""Apparel & Accessories > Clothing Accessories > Hair Accessories > Hair Bands"""
fashion,jewellery,hairbands and clips,,"""Apparel & Accessories > Clothing Accessories > Hair Accessories > Hair Bands"""
fashion,jewellery,hairbands and clips,hair clips,"""Apparel & Accessories > Clothing Accessories > Hair Accessories > Hair Pins & Clips"""
fashion,jewellery,jewellery accessories,,"""Apparel & Accessories > Jewelry"""
electricals,batteries and chargers,batteries,,"""Electronics > Electronics Accessories > Power > Batteries"""
electricals,batteries and chargers,chargers,,"""Electronics > Electronics Accessories > Power > Chargers"""
electricals,torches and safety lights,,,"""Hardware > Torches"""
electricals,standby solutions and meters,standby solutions,,"""Electronics > Electronics Accessories > Power > Power Adapters"""
electricals,standby solutions and meters,energy meters,,"""Hardware > Tool Accessories > Measuring Tool & Sensor Accessories"""
electricals,computer accessories,,,"""Electronics > Computers > Computer Accessories"""
electricals,music players,radios,,"""Electronics > Audio > Audio Players & Recorders > Radios"""
electricals,music players,portable music players,,"""Electronics > Audio > Audio Players & Recorders"""
electricals,music players,speakers,,"""Electronics > Audio > Audio Components > Speakers > Computer Speakers"""
electricals,appliances,irons,,"""Home & Garden > Household Appliances > Laundry Appliances > Irons"""
electricals,appliances,hair dryers,,"""Health & Beauty > Personal Care > Hair Care > Hair Dryers"""
electricals,appliances,vacuums,,"""Home & Garden > Household Appliances > Vacuums"""
electricals,appliances,other appliances,,"""Home & Garden > Household Appliances"""
electricals,appliances,kitchen appliances,,"""Home & Garden > Kitchen & Dining > Kitchen Appliances"""
electricals,light bulbs,,,"""Home & Garden > Lighting > Light Bulbs"" "
office and stationery,paper and notebooks,paper,,"""Office Supplies > General Supplies > Paper Products"""
office and stationery,paper and notebooks,envelopes,,"""Office Supplies > General Supplies > Paper Products > Envelopes"""
office and stationery,paper and notebooks,writing pads and notebooks,,"""Office Supplies > General Supplies > Paper Products > Notebooks & Notepads"""
office and stationery,paper and notebooks,cards,,"""Arts & Entertainment > Party & Celebration > Gift Giving > Greeting Cards"""
office and stationery,pens and pencils,pens,,"""Office Supplies > Office Instruments > Writing Instruments > Pens"""
office and stationery,pens and pencils,pencils,,"""Office Supplies > Office Instruments > Writing Instruments > Pencils"""
office and stationery,office accessories,containers and stands,,"""Office Supplies > Filing & Organization"""
office and stationery,office accessories,staplers,,"""Office Supplies > Office Instruments > Staplers"""
office and stationery,office accessories,sticky notes,,"""Office Supplies > General Supplies > Paper Products > Sticky Notes"""
office and stationery,office accessories,rulers,,"""Office Supplies > Office Instruments > Office Rulers"""
office and stationery,office accessories,other office accessories,,"""Office Supplies > General Supplies"""
office and stationery,office filing and storage,,,"""Office Supplies > Filing & Organization"""
home,living space,decor,"drawings, paintings and photos","""Arts & Entertainment > Hobbies & Creative Arts > Artwork"""
home,living space,decor,ornaments and sculptures,"""Arts & Entertainment > Hobbies & Creative Arts > Artwork > Sculptures & Statues"""
home,living space,decor,other decor items,"""Home & Garden > Decor"""
home,living space,decor,craft materials and tools,"""Arts & Entertainment > Hobbies & Creative Arts > Crafts & Hobbies"""
home,living space,decor,picture frames,"""Home & Garden > Decor > Picture Frames"""
home,living space,lights and candles,table lamps,"""Home & Garden > Lighting > Lamps > Table Lamps"""
home,living space,lights and candles,ceiling lights,"""Home & Garden > Lighting > Lighting Fixtures > Ceiling Fixtures"""
home,living space,lights and candles,floor lights,"""Home & Garden > Lighting > Lamps > Floor Lamps"""
home,living space,lights and candles,candles and candle holders,"""Home & Garden > Decor > Candles"""
home,living space,lights and candles,other lighting,"""Home & Garden > Lighting"""
home,living space,painting and decorating,,"""Hardware > Painting & Wall Covering Supplies"""
home,living space,painting and decorating,paint,"""Hardware > Painting & Wall Covering Supplies > Paint"""
home,living space,painting and decorating,paint brushes,"""Hardware > Tools > Brushes > Paint Brushes"""
home,living space,painting and decorating,decorating accessories,"""Hardware > Painting & Wall Covering Supplies"""
home,living space,rugs and door mats,rugs,"""Home & Garden > Decor > Rugs"""
home,living space,rugs and door mats,door mats,"""Home & Garden > Decor > Doors & Windows > Door Mats"""
home,living space,cushions and textiles,cushions and covers,"""Home & Garden > Decor > Seating & Sofa Cushions"""
home,living space,cushions and textiles,blankets and throws,"""Home & Garden > Linens > Bedding > Blankets > Throw Blankets"""
home,living space,cushions and textiles,tables cloth and runners,"""Home & Garden > Linens > Table Linens > Tablecloths"""
home,living space,cushions and textiles,curtains and blinds,"""Home & Garden > Decor > Doors & Windows > Window Treatments > Curtains & Drapes"""
home,living space,cushions and textiles,other textiles,"""Home & Garden > Decor"""
home,living space,furniture,,"""Furniture"""
home,living space,storage,,"""Home & Garden > Household Supplies > Storage & Organization"""
home,kitchen,bowls and plates,bowls,"""Home & Garden > Kitchen & Dining > Tableware > Dinnerware > Bowls"""
home,kitchen,bowls and plates,plates,"""Home & Garden > Kitchen & Dining > Tableware > Dinnerware > Plates"""
home,kitchen,cups and glasses,,"""Home & Garden > Kitchen & Dining > Tableware > Drinkware"""
home,kitchen,jugs,,"""Home & Garden > Kitchen & Dining > Tableware > Drinkware"""
home,kitchen,cookware sets,,"""Home & Garden > Kitchen & Dining > Tableware"""
home,kitchen,kitchen linen,kitchen towels,"""Home & Garden > Linens > Towels > Kitchen Towels"""
home,kitchen,kitchen linen,oven gloves,"""Home & Garden > Kitchen & Dining > Kitchen Tools & Utensils > Oven Mitts & Pot Holders"""
home,kitchen,kitchen linen,aprons,"""Home & Garden > Kitchen & Dining > Kitchen Tools & Utensils > Aprons"""
home,kitchen,kitchen linen,other linen,"""Home & Garden > Linens > Towels > Kitchen Towels"""
home,kitchen,tools and utensils,chopping boards,"""Home & Garden > Kitchen & Dining > Kitchen Tools & Utensils > Cutting Boards"""
home,kitchen,tools and utensils,knives,"""Home & Garden > Kitchen & Dining > Kitchen Tools & Utensils > Kitchen Knives"""
home,kitchen,tools and utensils,other utensils,"""Home & Garden > Kitchen & Dining > Kitchen Tools & Utensils > Kitchen Utensil Sets"""
home,kitchen,"lunch boxes, bags and wraps",lunch boxes,"""Home & Garden > Kitchen & Dining > Food & Beverage Carriers > Lunch Boxes & Totes"""
home,kitchen,"lunch boxes, bags and wraps",lunch bags,"""Home & Garden > Kitchen & Dining > Food & Beverage Carriers > Lunch Boxes & Totes"""
home,kitchen,"lunch boxes, bags and wraps",sandwich wraps,"""Home & Garden > Kitchen & Dining > Food & Beverage Carriers > Lunch Boxes & Totes"""
home,kitchen,"lunch boxes, bags and wraps",foils,"""Home & Garden > Kitchen & Dining > Food Storage > Food Wraps > Foil"""
home,kitchen,water bottles & filters,water bottles,"""Home & Garden > Kitchen & Dining > Food & Beverage Carriers > Water Bottles"""
home,kitchen,water bottles & filters,water filters and purifiers,"""Home & Garden > Kitchen & Dining > Kitchen Appliances > Water Filters"""
home,kitchen,kitchen paper,,"""Home & Garden > Linens > Towels > Kitchen Towels"""
home,kitchen,kitchen waste,bin bags,"""Home & Garden > Household Supplies > Garbage Bags"""
home,kitchen,kitchen waste,kitchen bins,"""Home & Garden > Kitchen & Dining > Kitchen Appliances > Garbage Disposals"""
home,kitchen,other kitchen accessories,,"""Home & Garden > Kitchen & Dining > Kitchen Appliance Accessories"" "
home,home cleaning,other cleaning accessories,,"""Home & Garden > Household Supplies > Household Cleaning Supplies"""
home,home cleaning,tissues,toilet paper,"""Home & Garden > Household Supplies > Household Paper Products > Toilet Paper"""
home,home cleaning,tissues,facial tissues,"""Home & Garden > Household Supplies > Household Paper Products > Facial Tissues"""
home,home cleaning,cleaning cloths and wipes,cleaning cloths,"""Home & Garden > Linens > Towels > Kitchen Towels"""
home,home cleaning,cleaning cloths and wipes,cleaning wipes,"""Home & Garden > Linens > Towels > Kitchen Towels"""
home,home cleaning,mops and brushes,mops,"""Home & Garden > Household Supplies > Household Cleaning Supplies > Mops"""
home,home cleaning,mops and brushes,brushes,"""Home & Garden > Household Supplies > Household Cleaning Supplies > Brooms"""
home,home cleaning,spray and liquid cleaners,glass and window cleaners,"""Home & Garden > Household Supplies > Household Cleaning Supplies > Household Cleaning Products > Glass & Surface Cleaners"""
home,home cleaning,spray and liquid cleaners,table surface cleaners,"""Home & Garden > Household Supplies > Household Cleaning Supplies > Household Cleaning Products > Glass & Surface Cleaners"""
home,home cleaning,spray and liquid cleaners,floor and carpet cleaners,"""Home & Garden > Household Supplies > Household Cleaning Supplies > Household Cleaning Products > Glass & Surface Cleaners"""
home,home cleaning,spray and liquid cleaners,multi purpose,"""Home & Garden > Household Supplies > Household Cleaning Supplies > Household Cleaning Products > Glass & Surface Cleaners"""
home,home cleaning,spray and liquid cleaners,bathroom cleaners,"""Home & Garden > Household Supplies > Household Cleaning Supplies > Household Cleaning Products > Tub & Tile Cleaners"""
home,home cleaning,spray and liquid cleaners,toilet cleaners,"""Home & Garden > Household Supplies > Household Cleaning Supplies > Household Cleaning Products > Toilet Bowl Cleaners"""
home,home cleaning,spray and liquid cleaners,oven cleaners,"""Home & Garden > Household Supplies > Household Cleaning Supplies > Household Cleaning Products > Oven Cleaners"" "
home,home cleaning,spray and liquid cleaners,disinfectants,"""Home & Garden > Household Supplies > Household Cleaning Supplies > Household Cleaning Products > Dish Detergent & Soap"""
home,home cleaning,spray and liquid cleaners,other cleaning uses,"""Home & Garden > Household Supplies > Household Cleaning Supplies > Household Cleaning Products"""
home,home cleaning,laundry,soap nuts,"""Home & Garden > Household Supplies > Laundry Supplies > Laundry Detergent"""
home,home cleaning,laundry,laundry powder and detergents,"""Home & Garden > Household Supplies > Laundry Supplies > Laundry Detergent"" "
home,home cleaning,laundry,laundry softener,"""Home & Garden > Household Supplies > Laundry Supplies > Fabric Softeners & Dryer Sheets"""
home,home cleaning,laundry,dryer balls,"""Home & Garden > Household Supplies > Laundry Supplies > Laundry Balls"""
home,home cleaning,polish,,"""Home & Garden > Household Supplies > Household Cleaning Supplies > Household Cleaning Products > Furniture Cleaners & Polish"""
home,bed and bath,beds and bedding,beds,"""Furniture > Bedroom Furniture > Beds"""
home,bed and bath,beds and bedding,bed linen and sheets,"""Home & Garden > Linens > Bedding"""
home,bed and bath,beds and bedding,duvets and quilts,"""Home & Garden > Linens > Bedding > Duvet Covers"""
home,bed and bath,beds and bedding,pillows,"""Home & Garden > Linens > Bedding > Pillows"""
home,bed and bath,beds and bedding,mattresses,"""Furniture > Bedroom Furniture > Mattresses"""
home,bed and bath,beds and bedding,bed sets,"""Furniture > Bedroom Furniture > Beds"""
home,bed and bath,beds and bedding,bed accessories,"""Furniture > Bedroom Furniture > Bed Accessories"""
home,bed and bath,beds and bedding,blankets comforters and throws,"""Home & Garden > Linens > Bedding > Blankets > Throw Blankets"""
home,bed and bath,towels,face towels,"""Home & Garden > Linens > Towels > Bath Towels & Washcloths"""
home,bed and bath,towels,hand towels,"""Home & Garden > Linens > Towels > Bath Towels & Washcloths"""
home,bed and bath,towels,bath towels,"""Home & Garden > Linens > Towels > Bath Towels & Washcloths"""
home,bed and bath,towels,beach towels,"""Home & Garden > Linens > Towels > Bath Towels & Washcloths"""
home,bed and bath,towels,towel sets,"""Home & Garden > Linens > Towels > Bath Towels & Washcloths"""
home,bed and bath,bath robes,,"""Apparel & Accessories > Clothing > Sleepwear & Loungewear > Robes"" "
home,bed and bath,air fresheners and deodorisers,,"""Home & Garden > Decor > Home Fragrances > Air Fresheners"""
home,bed and bath,bathroom decor,,"""Home & Garden > Decor"""
home,bed and bath,bedroom decor,,"""Home & Garden > Decor"""
home,home improvements,paint and decorating,,"""Hardware > Painting & Wall Covering Supplies"""
home,home improvements,home improvement accessories,,"""Hardware > Painting & Wall Covering Supplies"""
outdoors,garden,barbecues and stoves,,"""Home & Garden > Kitchen & Dining > Kitchen Appliances > Outdoor Grills"""
outdoors,garden,water and waste storage,,"""Home & Garden > Household Supplies > Waste Containment"""
outdoors,garden,wildlife,,"""Home & Garden > Lawn & Garden > Gardening > Gardening Accessories"""
outdoors,garden,gardening,trees,"""Home & Garden > Plants > Trees"""
outdoors,garden,gardening,plants,"""Home & Garden > Plants"""
outdoors,garden,gardening,seeds,"""Home & Garden > Plants > Seeds"""
outdoors,garden,gardening,compost and fertiliser,"""Home & Garden > Lawn & Garden > Gardening > Composting > Composting Supplies"
outdoors,garden,gardening,wormeries,"""Home & Garden > Lawn & Garden > Gardening > Composting > Composting Supplies"
outdoors,garden,gardening,gardening tools and accessories,"""Home & Garden > Lawn & Garden > Gardening > Gardening Tools"""
outdoors,garden,garden furniture,,"""Home & Garden > Lawn & Garden > Outdoor Living"""
outdoors,camping and picnics,picnic accessories,,"""Home & Garden > Kitchen & Dining > Food & Beverage Carriers > Picnic Baskets"""
outdoors,camping and picnics,camping gear,,"""Sporting Goods > Outdoor Recreation > Camping, Backpacking & Hiking"""
outdoors,transport,cycling,,"""Sporting Goods > Outdoor Recreation > Cycling"""
outdoors,transport,other transport,,"""Sporting Goods > Outdoor Recreation"""
outdoors,sports and fitness,,,"""Sporting Goods"""
outdoors,travelling,,,"""Sporting Goods > Outdoor Recreation"""
baby and parenting,children,toys and activities,other toys,"""Toys & Games > Toys"""
baby and parenting,children,toys and activities,musical toys and instruments,"""Toys & Games > Toys > Musical Toys"""
baby and parenting,children,toys and activities,animals and soft toys,"""Toys & Games > Toys > Dolls, Playsets & Toy Figures > Stuffed Toys"""
baby and parenting,children,toys and activities,blocks and building sets,"""Toys & Games > Toys > Building Toys"""
baby and parenting,children,toys and activities,dolls and doll houses,"""Toys & Games > Toys > Dolls, Playsets & Toy Figures"""
baby and parenting,children,toys and activities,bath toys and accessories,""Toys & Games > Toys > Bath Toys"""
baby and parenting,children,toys and activities,kitchens and play food,"""Toys & Games > Toys > Pretend Play > Toy Kitchens & Play Food"""
baby and parenting,children,toys and activities,games and puzzles,"""Toys & Games > Puzzles"""
baby and parenting,children,toys and activities,educational games,"""Toys & Games > Toys > Educational Toys"""
baby and parenting,children,toys and activities,vehicle toys,"""Toys & Games > Toys > Play Vehicles"""
baby and parenting,children,toys and activities,school supplies,"""Office Supplies"""
baby and parenting,children,toys and activities,outdoor activities,"""Toys & Games > Outdoor Play Equipment"""
baby and parenting,children,toys and activities,childrens books,"""Media > Books > Fiction > Children's Books"""
baby and parenting,babies,baby cleaning,wipes,"""Baby & Toddler > Diapering > Baby Wipes"""
baby and parenting,babies,baby cleaning,baby cleaning accessories,"""Baby & Toddler > Diapering"""
baby and parenting,babies,nappies and diapers,cloth nappies,"""Baby & Toddler > Diapering > Diapers"""
baby and parenting,babies,nappies and diapers,disposable nappies,"""Baby & Toddler > Diapering > Diapers"""
baby and parenting,babies,nappies and diapers,changing mats and pads,"""Baby & Toddler > Diapering > Changing Mats"""
baby and parenting,babies,nappies and diapers,bags,"""Baby & Toddler > Diapering"""
baby and parenting,babies,nappies and diapers,creams and remedies,"""Baby & Toddler > Diapering"""
baby and parenting,babies,nappies and diapers,potties and toilets,"""Baby & Toddler > Diapering > Potty Seats"""
baby and parenting,babies,plates bottles and cups,bowls and plates,"""Baby & Toddler > Nursing & Feeding"""
baby and parenting,babies,plates bottles and cups,bottles and cups,"""Baby & Toddler > Nursing & Feeding > Baby Bottles"""
baby and parenting,babies,plates bottles and cups,eating sets,"""Baby & Toddler > Nursing & Feeding"""
baby and parenting,babies,baby food and drink,baby milks and fomulas,"""Baby & Toddler > Nursing & Feeding > Baby & Toddler Food > Baby Juice"""
baby and parenting,babies,baby food and drink,drinks and smoothies,"""Baby & Toddler > Nursing & Feeding > Baby & Toddler Food > Baby Juice"""
baby and parenting,babies,baby food and drink,cereal and porridge,"""Baby & Toddler > Nursing & Feeding > Baby & Toddler Food > Baby Cereal"""
baby and parenting,babies,baby food and drink,finger foods,"""Baby & Toddler > Nursing & Feeding > Baby & Toddler Food > Baby Food"""
baby and parenting,babies,baby food and drink,snacks and rusks,"""Baby & Toddler > Nursing & Feeding > Baby & Toddler Food > Baby Snacks"""
baby and parenting,babies,baby food and drink,prepared meals and side dishes,"""Baby & Toddler > Nursing & Feeding > Baby & Toddler Food > Baby Food"""
baby and parenting,babies,baby clothing,bibs,"""Baby & Toddler > Nursing & Feeding > Baby & Toddler Bibs"""
baby and parenting,babies,baby clothing,baby coats and jackets,"""Apparel & Accessories > Clothing > Baby & Toddler Clothing > Baby & Toddler Outerwear"""
baby and parenting,babies,baby clothing,tights and leggings,"""Apparel & Accessories > Clothing > Baby & Toddler Clothing > Baby & Toddler Socks & Tights"""
baby and parenting,babies,baby clothing,baby grows,"""Apparel & Accessories > Clothing > Baby & Toddler Clothing > Baby Onesies"" "
baby and parenting,babies,baby clothing,bodysuits and onesies,"""Apparel & Accessories > Clothing > Baby & Toddler Clothing > Baby Onesies"" "
baby and parenting,babies,baby clothing,trousers and jeans,"""Apparel & Accessories > Clothing > Baby & Toddler Clothing > Baby & Toddler Bottoms"""
baby and parenting,babies,baby clothing,baby clothing sets,"""Apparel & Accessories > Clothing > Baby & Toddler Clothing > Baby & Toddler Outfits"""
baby and parenting,babies,baby clothing,baby jumpers and cardigans,"""Apparel & Accessories > Clothing > Baby & Toddler Clothing > Baby & Toddler Tops"""
baby and parenting,babies,baby clothing,tops and t-shirts,"""Apparel & Accessories > Clothing > Baby & Toddler Clothing > Baby & Toddler Tops"""
baby and parenting,babies,baby clothing,"baby hats, gloves and scarves","""Apparel & Accessories > Clothing Accessories > Baby & Toddler Clothing Accessories > Baby & Toddler Hats"""
baby and parenting,babies,baby clothing,baby shoes,"""Apparel & Accessories > Shoes > Baby & Toddler Shoes"""
baby and parenting,babies,baby clothing,socks,"""Apparel & Accessories > Clothing > Baby & Toddler Clothing > Baby & Toddler Socks & Tights"""
baby and parenting,babies,baby clothing,baby clothing accessories,"""Apparel & Accessories > Clothing Accessories > Baby & Toddler Clothing Accessories"""
baby and parenting,babies,baby clothing,pyjamas and sleepers,"""Apparel & Accessories > Clothing > Baby & Toddler Clothing > Baby Sleepwear & Swaddlers"""
baby and parenting,babies,baby clothing,baby dresses,"""Apparel & Accessories > Clothing > Baby & Toddler Clothing > Baby & Toddler Dresses"""
baby and parenting,babies,rattles and teethers,rattles,"""Baby & Toddler > Baby Toys > Rattles"""
baby and parenting,babies,rattles and teethers,teethers,"""Baby & Toddler > Baby Health > Pacifiers & Teethers"""
baby and parenting,babies,"cots, carriers and prams",cots,"""Furniture > Baby & Toddler Furniture > Beds, Cribs & Cradles"""
baby and parenting,babies,"cots, carriers and prams",baby carriers,"""Baby & Toddler > Baby Transport > Baby Carriers"""
baby and parenting,babies,"cots, carriers and prams",slings,"""Baby & Toddler > Baby Transport > Baby Carriers"""
baby and parenting,babies,"cots, carriers and prams",cot bedding,"""Furniture > Baby & Toddler Furniture > Beds, Cribs & Cradles"""
baby and parenting,babies,"cots, carriers and prams",cot accessories,"""Furniture > Baby & Toddler Furniture > Beds, Cribs & Cradles"""
baby and parenting,babies,"cots, carriers and prams",car seats and boosters,"""Baby & Toddler > Baby Transport > Baby & Toddler Car Seats"""
baby and parenting,babies,"cots, carriers and prams",prams and strollers,"""Baby & Toddler > Baby Transport > Baby Strollers"""
baby and parenting,babies,maternity gear,breastfeeding,"""Baby & Toddler > Nursing & Feeding"""
baby and parenting,babies,maternity gear,breast pads,"""Baby & Toddler > Nursing & Feeding"""
baby and parenting,babies,maternity gear,other maternity gear,"""Baby & Toddler > Nursing & Feeding"""
baby and parenting,babies,dummies and pacifiers,,"""Baby & Toddler > Baby Health > Pacifiers & Teethers"""
health and beauty,dental care,toothpaste,,"""Health & Beauty > Personal Care > Oral Care > Toothpaste"""
health and beauty,dental care,mouthwash,,"""Health & Beauty > Personal Care > Oral Care > Mouthwash"""
health and beauty,dental care,dental floss and tape,,"""Health & Beauty > Personal Care > Oral Care > Dental Floss"""
health and beauty,dental care,toothbrushes,,"""Health & Beauty > Personal Care > Oral Care > Toothpaste"""
health and beauty,dental care,dental sets,,"""Health & Beauty > Personal Care > Oral Care"""
health and beauty,dental care,other accessories,,"""Health & Beauty > Personal Care > Oral Care"""
health and beauty,grooming,shaving,razors,"""Health & Beauty > Personal Care > Shaving & Grooming > Razors & Razor Blades"""
health and beauty,grooming,shaving,shaving creams and foams and gels,"""Health & Beauty > Personal Care > Shaving & Grooming > Shaving Cream"""
health and beauty,grooming,shaving,shaving sets,"""Health & Beauty > Personal Care > Shaving & Grooming > Shaving Kits"""
health and beauty,grooming,hair styling,,"""Health & Beauty > Personal Care > Hair Care > Styling Gel, Spray & Mousse"""
health and beauty,beauty,makeup,foundation and blusher,"""Health & Beauty > Personal Care > Cosmetics > Makeup > Face & Cheek Makeup > Foundations & Concealers"""
health and beauty,beauty,makeup,brushes and applicators,"""Health & Beauty > Personal Care > Cosmetics > Cosmetic Tools > Makeup Tools > Makeup Brushes"""
health and beauty,beauty,makeup,makeup remover,"""Health & Beauty > Personal Care > Cosmetics > Cosmetic Tools > Makeup Tools"""
health and beauty,beauty,makeup,makeup accessories,"""Health & Beauty > Personal Care > Cosmetics > Cosmetic Tools > Makeup Tools"""
health and beauty,beauty,lips,lip balm,"""Health & Beauty > Personal Care > Cosmetics > Skin Care > Lip Care"""
health and beauty,beauty,lips,lip gloss,"""Health & Beauty > Personal Care > Cosmetics > Makeup > Lip Makeup > Lip Gloss"""
health and beauty,beauty,lips,lipstick,"""Health & Beauty > Personal Care > Cosmetics > Makeup > Lip Makeup > Lipstick"""
health and beauty,beauty,eyes,"gels, creams and serums","""Health & Beauty > Health Care > First Aid > Eye Wash Supplies"""
health and beauty,beauty,eyes,eye shadow and minerals,"""Health & Beauty > Personal Care > Cosmetics > Makeup > Eye Makeup"""
health and beauty,beauty,eyes,eyeliner,"""Health & Beauty > Personal Care > Cosmetics > Makeup > Eye Makeup > Eye Liner"""
health and beauty,beauty,eyes,mascara,"""Health & Beauty > Personal Care > Cosmetics > Makeup > Eye Makeup > Mascara"""
health and beauty,beauty,nails,nail polish,"""Health & Beauty > Personal Care > Cosmetics > Nail Care > Nail Polishes"""
health and beauty,beauty,nails,nail polish removers,"""Health & Beauty > Personal Care > Cosmetics > Nail Care > Nail Polish Removers"""
health and beauty,beauty,nails,nail sets,"""Health & Beauty > Personal Care > Cosmetics > Nail Care"""
health and beauty,beauty,nails,nail accessories,"""Health & Beauty > Personal Care > Cosmetics > Nail Care"""
health and beauty,bath and shower,bath products,,"""Health & Beauty > Personal Care > Cosmetics > Bath & Body"""
health and beauty,bath and shower,bath products,bath foams,"""Health & Beauty > Personal Care > Cosmetics > Bath & Body > Bubble Bath & Bath Salts"""
health and beauty,bath and shower,bath products,bath bombs,"""Health & Beauty > Personal Care > Cosmetics > Bath & Body > Bubble Bath & Bath Salts"""
health and beauty,bath and shower,bath products,bath salts,"""Health & Beauty > Personal Care > Cosmetics > Bath & Body > Bubble Bath & Bath Salts"""
health and beauty,bath and shower,bath products,other bath products,"""Health & Beauty > Personal Care > Cosmetics > Bath & Body > Bubble Bath & Bath Salts"""
health and beauty,bath and shower,shampoo and conditioners,,"""Health & Beauty > Personal Care > Hair Care > Shampoo & Conditioner"""
health and beauty,bath and shower,shampoo and conditioners,regular shampoo,"""Health & Beauty > Personal Care > Hair Care > Shampoo & Conditioner"""
health and beauty,bath and shower,shampoo and conditioners,colouring shampoo,"""Health & Beauty > Personal Care > Hair Care > Hair Coloring"""
health and beauty,bath and shower,shampoo and conditioners,conditioner,"""Health & Beauty > Personal Care > Hair Care > Shampoo & Conditioner"""
health and beauty,bath and shower,shower gels,,"""Health & Beauty > Personal Care > Cosmetics > Bath & Body > Body Wash"""
health and beauty,bath and shower,bath and shower sets,,"""Health & Beauty > Personal Care > Cosmetics > Bath & Body"""
health and beauty,skin care,deodorants and fragrances,deodorants,"""Health & Beauty > Personal Care > Deodorant & Anti-Perspirant"""
health and beauty,skin care,deodorants and fragrances,perfumes and fragrances,"""Health & Beauty > Personal Care > Cosmetics > Perfume & Cologne"""
health and beauty,skin care,face care,,"""Health & Beauty > Personal Care > Cosmetics > Skin Care > Exfoliants & Scrubs"""
health and beauty,skin care,face care,"face scrubs, washes and cleansers","""Health & Beauty > Personal Care > Cosmetics > Skin Care > Exfoliants & Scrubs"""
health and beauty,skin care,face care,face masks and clays,"""Health & Beauty > Personal Care > Cosmetics > Skin Care > Facial Cleansers"""
health and beauty,skin care,face care,facial mists,"""Health & Beauty > Personal Care > Cosmetics > Skin Care > Lotion > Face Lotion"""
health and beauty,skin care,face care,face moisturisers,"""Health & Beauty > Personal Care > Cosmetics > Skin Care > Lotion > Face Lotion"""
health and beauty,skin care,sun care,sun tan and sunscreen,"""Health & Beauty > Personal Care > Cosmetics > Skin Care > Sunscreen"""
health and beauty,skin care,sun care,after sun,"""Health & Beauty > Personal Care > Cosmetics > Skin Care > Sunscreen"""
health and beauty,skin care,sun care,sun burns,"""Health & Beauty > Personal Care > Cosmetics > Skin Care > Sunscreen"""
health and beauty,skin care,body care,,"""Health & Beauty > Personal Care > Cosmetics > Skin Care > Lotion > Body Lotion"""
health and beauty,skin care,body care,body moisturisers,"""Health & Beauty > Personal Care > Cosmetics > Skin Care > Lotion > Body Lotion"""
health and beauty,skin care,body care,body scrubs and washes,"""Health & Beauty > Personal Care > Cosmetics > Skin Care > Exfoliants & Scrubs"""
health and beauty,skin care,body care,loofahs and exfoliating scrubbers,"""Health & Beauty > Personal Care > Cosmetics > Bath & Body > Loofahs & Shower Scrubs"""
health and beauty,skin care,body care,body butter,"""Health & Beauty > Personal Care > Cosmetics > Skin Care > Lotion > Body Lotion"""
health and beauty,skin care,hand soaps and creams,,"""Health & Beauty > Personal Care > Cosmetics > Bath & Body"""
health and beauty,skin care,hand soaps and creams,bar soaps,"""Health & Beauty > Personal Care > Cosmetics > Bath & Body > Bar Soap"""
health and beauty,skin care,hand soaps and creams,liquid soap,"""Health & Beauty > Personal Care > Cosmetics > Bath & Body > Liquid Hand Soap"""
health and beauty,skin care,hand soaps and creams,soap sets,"""Health & Beauty > Personal Care > Cosmetics > Bath & Body > Bath & Body Gift Baskets"""
health and beauty,skin care,hand soaps and creams,hand moisturisers,"""Health & Beauty > Personal Care > Cosmetics > Skin Care > Lotion > Body Lotion"""
health and beauty,skin care,feet care,foot creams and balms,"""Health & Beauty > Personal Care > Cosmetics > Skin Care > Lotion > Foot Lotion"""
health and beauty,skin care,feet care,foot scrubs,"""Health & Beauty > Personal Care > Cosmetics > Skin Care > Exfoliants & Scrubs"""
health and beauty,skin care,feet care,other feet accessories,"""Health & Beauty > Personal Care > Foot Care"""
health and beauty,"aromatherapy, massage and oils",oils and burners,,"""Health & Beauty > Personal Care > Massage & Relaxation > Massage Oils"""
health and beauty,"aromatherapy, massage and oils",oils and burners,oil burners,"""Health & Beauty > Personal Care > Massage & Relaxation"""
health and beauty,"aromatherapy, massage and oils",oils and burners,oils,"""Health & Beauty > Personal Care > Massage & Relaxation" > Massage Oils""
health and beauty,"aromatherapy, massage and oils",massage accessories,,"""Health & Beauty > Personal Care > Massage & Relaxation"""
health and beauty,"aromatherapy, massage and oils",incense,,"""Home & Garden > Decor > Home Fragrances > Incense"""
health and beauty,remedies and supplements,hair treatment,,"""Health & Beauty > Personal Care"""
health and beauty,remedies and supplements,hair treatment,hair loss and growth,"""Health & Beauty > Personal Care > Hair Care > Hair Loss Treatments"""
health and beauty,remedies and supplements,hair treatment,hair repair,"""Health & Beauty > Personal Care > Hair Care"""
health and beauty,remedies and supplements,cold and flu,,"""Health & Beauty > Health Care > Medicine & Drugs > OTC Drugs > Cough, Cold & Flu"""
health and beauty,remedies and supplements,aches and pains,,"""Health & Beauty > Health Care > Medicine & Drugs > OTC Drugs > Pain Relievers"""
health and beauty,remedies and supplements,other remedies,,"""Health & Beauty > Health Care > Medicine & Drugs"""
health and beauty,remedies and supplements,vitamins,,"""Health & Beauty > Health Care > Fitness & Nutrition > Vitamins & Supplements"""
health and beauty,remedies and supplements,allergies,,"""Health & Beauty > Health Care > Medicine & Drugs > OTC Drugs > Allergies & Sinus"""
health and beauty,remedies and supplements,first aid and healing,,"""Health & Beauty > Health Care > First Aid"" "
health and beauty,remedies and supplements,healthy sleeping,,"""Health & Beauty > Health Care > Medicine & Drugs > OTC Drugs > Sleeping Medication"""
health and beauty,remedies and supplements,bug and insect repellent,,"""Health & Beauty > Personal Care > Cosmetics > Skin Care > Skin Insect Repellent"""
health and beauty,feminine care,tampons,,"""Health & Beauty > Personal Care > Feminine Sanitary Supplies > Tampons"""
health and beauty,feminine care,pads,,"""Health & Beauty > Personal Care > Feminine Sanitary Supplies > Feminine Pads & Protectors"""
health and beauty,feminine care,menstrual cups,,"""Health & Beauty > Personal Care > Feminine Sanitary Supplies"""
health and beauty,feminine care,panty liners,,"""Health & Beauty > Personal Care > Feminine Sanitary Supplies > Feminine Pads & Protectors"""
health and beauty,adult,adult toys,,"""Mature > Erotic > Sex Toys"""
health and beauty,adult,lubricant and oils,,"""Health & Beauty > Personal Care > Personal Lubricants"""
health and beauty,adult,protection,,"""Health & Beauty > Health Care > Contraceptives"""
health and beauty,adult,adult books,,"""Mature > Erotic > Erotic Books"""
animals and pets,houses and kennels,houses,,"""Animals > Pet Supplies > Dog Supplies > Dog Houses"""
animals and pets,houses and kennels,kennels,,"""Animals > Pet Supplies > Dog Supplies > Dog Houses"""
animals and pets,scratchers,,,"""Animals > Pet Supplies"""
animals and pets,food and treats,,,"""Animals > Pet Supplies > Small Animal Supplies > Small Animal Food"""
animals and pets,pet toys,,,"""Animals > Pet Supplies > Small Animal Supplies > Small Animal Habitat Accessories"""
animals and pets,collars and leashes,,,"""Animals > Pet Supplies"""
animals and pets,health and hygiene,vitamins and supplements,,"""Animals > Pet Supplies > Pet Vitamins & Supplements"""
animals and pets,health and hygiene,pet grooming,,"""Animals > Pet Supplies"""
animals and pets,health and hygiene,shampoo,,"""Animals > Pet Supplies"""
animals and pets,health and hygiene,cleaning,,"""Animals > Pet Supplies"""
animals and pets,health and hygiene,odour removal,,"""Home & Garden > Household Supplies > Household Cleaning Supplies > Household Cleaning Products > Pet Odor & Stain Removers"""
animals and pets,health and hygiene,fleas and ticks,,"""Animals > Pet Supplies"""
animals and pets,health and hygiene,pet accessories,,"""Animals > Pet Supplies"""
animals and pets,health and hygiene,waste disposal,,"""Animals > Pet Supplies"""
animals and pets,bedding,,,"""Animals > Pet Supplies"""
animals and pets,feeders,,,"""Animals > Pet Supplies"""
animals and pets,carriers,,,"""Animals > Pet Supplies"""
animals and pets,clothing,,,"""Animals > Pet Supplies"""
food and drink,drink,coffee,instant coffee,"""Food, Beverages & Tobacco > Beverages > Coffee > Instant Coffee"""
food and drink,drink,coffee,ground coffee,"""Food, Beverages & Tobacco > Beverages > Coffee > Ground & Whole Bean Coffee"""
food and drink,drink,coffee,coffee beans,"""Food, Beverages & Tobacco > Beverages > Coffee > Ground & Whole Bean Coffee"""
food and drink,drink,coffee,coffee sets,"""Food, Beverages & Tobacco > Beverages > Coffee"""
food and drink,drink,coffee,coffee accessories,"""Food, Beverages & Tobacco > Beverages > Coffee"""
food and drink,drink,juices and soft drinks,juices,"""Food, Beverages & Tobacco > Beverages > Juice"""
food and drink,drink,juices and soft drinks,soft drinks,"""Food, Beverages & Tobacco > Beverages > Juice"""
food and drink,drink,juices and soft drinks,energy drinks,"""Food, Beverages & Tobacco > Beverages > Sports & Energy Drinks"""
food and drink,drink,juices and soft drinks,health drinks,"""Food, Beverages & Tobacco > Beverages > Sports & Energy Drinks"""
food and drink,drink,juices and soft drinks,other juices and soft drinks,"""Food, Beverages & Tobacco > Beverages"""
food and drink,drink,chocolate drinks,,"""Food, Beverages & Tobacco > Beverages > Hot Chocolate"""
food and drink,drink,tea,green tea,"""Food, Beverages & Tobacco > Beverages > Tea & Infusions"""
food and drink,drink,tea,black tea,"""Food, Beverages & Tobacco > Beverages > Tea & Infusions"""
food and drink,drink,tea,herbal tea,"""Food, Beverages & Tobacco > Beverages > Tea & Infusions"""
food and drink,drink,tea,tea sets,"""Food, Beverages & Tobacco > Beverages > Tea & Infusions"""
food and drink,drink,tea,other teas,"""Food, Beverages & Tobacco > Beverages > Tea & Infusions"""
food and drink,drink,tea,tea accessories,"""Food, Beverages & Tobacco > Beverages > Tea & Infusions"""
food and drink,drink,energy and health drinks,,"""Food, Beverages & Tobacco > Beverages > Sports & Energy Drinks"""
food and drink,drink,alcohol,other alcohol,"""Food, Beverages & Tobacco > Beverages > Liquor & Spirits"""
food and drink,drink,alcohol,wine,"""Food, Beverages & Tobacco > Beverages > Wine"""
food and drink,drink,alcohol,beer,"""Food, Beverages & Tobacco > Beverages > Beer"""
food and drink,drink,alcohol,spirits,"""Food, Beverages & Tobacco > Beverages > Liquor & Spirits"""
food and drink,drink,alcohol,alcohol-sets,"""Food, Beverages & Tobacco > Beverages > Liquor & Spirits"""
food and drink,food,breakfast,health bars,"""Food, Beverages & Tobacco > Food Items > Snack Foods > Cereal & Granola Bars"""
food and drink,food,breakfast,granola and cereals,"""Food, Beverages & Tobacco > Food Items > Snack Foods > Cereal & Granola Bars"""
food and drink,food,breakfast,pancake and waffle mixes,"""Food, Beverages & Tobacco > Food Items > Cooking & Baking Ingredients > Baking Mixes > Waffle & Pancake Mixes"""
food and drink,food,breakfast,syrups,"""Food, Beverages & Tobacco > Food Items > Condiments & Sauces > Syrup"""
food and drink,food,soups,,"""Food, Beverages & Tobacco > Food Items > Soups & Broths"""
food and drink,food,tinned vegetables and pulses,tinned vegetables,"""Food, Beverages & Tobacco > Food Items > Fruits & Vegetables > Canned Vegetables"""
food and drink,food,tinned vegetables and pulses,pulses,"""Food, Beverages & Tobacco > Food Items > Fruits & Vegetables > Dry Beans"""
food and drink,food,tinned vegetables and pulses,other tinned foods,"""Food, Beverages & Tobacco > Food Items > Fruits & Vegetables > Canned Vegetables"""
food and drink,food,"pasta, rice and pulses",noodles,"""Food, Beverages & Tobacco > Food Items > Pasta & Noodles"""
food and drink,food,"pasta, rice and pulses",beans and pulses,"""Food, Beverages & Tobacco > Food Items > Fruits & Vegetables > Dry Beans"""
food and drink,food,"pasta, rice and pulses",grains,"""Food, Beverages & Tobacco > Food Items > Grains, Rice & Cereals"""
food and drink,food,"pasta, rice and pulses",pasta,"""Food, Beverages & Tobacco > Food Items > Pasta & Noodles"""
food and drink,food,"pasta, rice and pulses",couscous,"""Food, Beverages & Tobacco > Food Items > Grains, Rice & Cereals > Rice"""
food and drink,food,"pasta, rice and pulses",rice,"""Food, Beverages & Tobacco > Food Items > Grains, Rice & Cereals > Rice"""
food and drink,food,"pasta, rice and pulses",other pastas pulses or rice,"""Food, Beverages & Tobacco > Food Items > Pasta & Noodles"""
food and drink,food,home baking,breads and doughs,"""Food, Beverages & Tobacco > Food Items > Cooking & Baking Ingredients > Dough"""
food and drink,food,home baking,other home baking foods,"""Food, Beverages & Tobacco > Food Items > Cooking & Baking Ingredients"""
food and drink,food,home baking,flour,"""Food, Beverages & Tobacco > Food Items > Cooking & Baking Ingredients > Flour"""
food and drink,food,home baking,baking soda and powder,"""Food, Beverages & Tobacco > Food Items > Cooking & Baking Ingredients > Baking Soda"""
food and drink,food,home baking,flavourings and essences,"""Food, Beverages & Tobacco > Food Items > Cooking & Baking Ingredients"""
food and drink,food,home baking,sugars,"""Food, Beverages & Tobacco > Food Items > Cooking & Baking Ingredients > Sugar"""
food and drink,food,home baking,yeast,"""Food, Beverages & Tobacco > Food Items > Cooking & Baking Ingredients > Yeast"""
food and drink,food,home baking,cacao,"""Food, Beverages & Tobacco > Food Items > Cooking & Baking Ingredients > Baking Chocolate"""
food and drink,food,"sweets, cakes and chocolate",sweets,"""Food, Beverages & Tobacco > Food Items > Candy & Gum"""
food and drink,food,"sweets, cakes and chocolate",marshmallows,"""Food, Beverages & Tobacco > Food Items > Cooking & Baking Ingredients > Marshmallows"""
food and drink,food,"sweets, cakes and chocolate",truffles,"""Food, Beverages & Tobacco > Food Items > Candy & Gum > Candy & Chocolate"""
food and drink,food,"sweets, cakes and chocolate",chocolates,"""Food, Beverages & Tobacco > Food Items > Candy & Gum > Candy & Chocolate"""
food and drink,food,"sweets, cakes and chocolate",cookies and biscuits,"""Food, Beverages & Tobacco > Food Items > Bakery > Cookies"""
food and drink,food,"sweets, cakes and chocolate",cakes,"""Food, Beverages & Tobacco > Food Items > Bakery > Cakes"""
food and drink,food,gift sets and hampers,hampers,"""Home & Garden > Household Supplies > Laundry Supplies > Laundry Baskets"""
food and drink,food,gift sets and hampers,gift sets,"""Home & Garden > Household Supplies > Laundry Supplies > Laundry Baskets"""
food and drink,food,gift sets and hampers,other sweets or chocolates,"""Home & Garden > Household Supplies > Laundry Supplies > Laundry Baskets"""
food and drink,food,"herbs, spices and seasoning",salt,"""Food, Beverages & Tobacco > Food Items > Seasonings & Spices > Salt"""
food and drink,food,"herbs, spices and seasoning",pepper,"""Food, Beverages & Tobacco > Food Items > Seasonings & Spices > Herbs & Spices"""
food and drink,food,"herbs, spices and seasoning",marinades,"""Food, Beverages & Tobacco > Food Items > Condiments & Sauces > Marinade"""
food and drink,food,"herbs, spices and seasoning",herbs,"""Food, Beverages & Tobacco > Food Items > Seasonings & Spices > Herbs & Spices"""
food and drink,food,"herbs, spices and seasoning",chillies,"""Food, Beverages & Tobacco > Food Items > Seasonings & Spices > Herbs & Spices"""
food and drink,food,"herbs, spices and seasoning",mixed seasoning,"""Food, Beverages & Tobacco > Food Items > Seasonings & Spices > Herbs & Spices"""
food and drink,food,"herbs, spices and seasoning",other herbs and spices,"""Food, Beverages & Tobacco > Food Items > Seasonings & Spices > Herbs & Spices"""
food and drink,food,"herbs, spices and seasoning",garlic,"""Food, Beverages & Tobacco > Food Items > Seasonings & Spices > Herbs & Spices"""
food and drink,food,"herbs, spices and seasoning",ginger,"""Food, Beverages & Tobacco > Food Items > Seasonings & Spices > Herbs & Spices"""
food and drink,food,"herbs, spices and seasoning",spice accessories,"""Home & Garden > Kitchen & Dining > Kitchen Appliances > Food Grinders & Mills"""
food and drink,food,chewing gum and mint,chewing gum,"""Food, Beverages & Tobacco > Food Items > Candy & Gum > Chewing Gum"""
food and drink,food,chewing gum and mint,mint,"""Food, Beverages & Tobacco > Food Items > Candy & Gum"""
food and drink,food,snacks,dried fruit and nuts,"""Food, Beverages & Tobacco > Food Items > Fruits & Vegetables > Dried Fruits"""
food and drink,food,snacks,snack bars,"""Food, Beverages & Tobacco > Food Items > Snack Foods"""
food and drink,food,snacks,fruit sauces,"""Food, Beverages & Tobacco > Food Items > Fruits & Vegetables > Fruit Sauces"""
food and drink,food,snacks,crisps and crackers,"""Food, Beverages & Tobacco > Food Items > Snack Foods"""
food and drink,food,snacks,popcorn,"""Food, Beverages & Tobacco > Food Items > Snack Foods > Popcorn & Popcorn Cakes"""
food and drink,food,snacks,other snacks,"""Food, Beverages & Tobacco > Food Items > Snack Foods"""
food and drink,food,ready meals,,"""Food, Beverages & Tobacco > Food Items > Prepared Foods > Prepared Entrees & Sides"""
food and drink,food,condiments,olives,"""Food, Beverages & Tobacco > Food Items > Condiments & Sauces > Olives & Capers"""
food and drink,food,condiments,dressings sauce and toppings,"""Food, Beverages & Tobacco > Food Items > Condiments & Sauces"""
food and drink,food,condiments,stock cubes,"""Food, Beverages & Tobacco > Food Items > Condiments & Sauces > Vinegar"""
food and drink,food,condiments,vinegar,"""Food, Beverages & Tobacco > Food Items > Condiments & Sauces > Vinegar"""
food and drink,food,condiments,"purees, ketchup and mustards","""Food, Beverages & Tobacco > Food Items > Condiments & Sauces"""
food and drink,food,condiments,other condiments,"""Food, Beverages & Tobacco > Food Items > Condiments & Sauces"""
food and drink,food,jams and preserves,jams,"""Food, Beverages & Tobacco > Food Items > Dips & Spreads > Jams & Jellies"""
food and drink,food,jams and preserves,jellys,"""Food, Beverages & Tobacco > Food Items > Dips & Spreads > Jams & Jellies"""
food and drink,food,jams and preserves,honeys,"""Food, Beverages & Tobacco > Food Items > Condiments & Sauces > Honey"""
food and drink,food,jams and preserves,marmalade,"""Food, Beverages & Tobacco > Food Items > Dips & Spreads > Jams & Jellies"""
food and drink,food,jams and preserves,other jams and preserves,"""Food, Beverages & Tobacco > Food Items > Dips & Spreads > Jams & Jellies"""
food and drink,food,cooking oil,olive oil,"""Food, Beverages & Tobacco > Food Items > Cooking & Baking Ingredients > Cooking Oils > Olive Oil"""
food and drink,food,cooking oil,vegetable and sunflower oil,"""Food, Beverages & Tobacco > Food Items > Cooking & Baking Ingredients > Cooking Oils > Vegetable Oil"""
food and drink,food,cooking oil,other oils,"""Food, Beverages & Tobacco > Food Items > Cooking & Baking Ingredients > Cooking Oils"""
food and drink,food,meat,poultry,"""Food, Beverages & Tobacco > Food Items > Meat, Seafood & Eggs > Meat > Fresh & Frozen Meats"""
food and drink,food,meat,fish,"""Food, Beverages & Tobacco > Food Items > Meat, Seafood & Eggs > Meat > Fresh & Frozen Meats"""
food and drink,food,meat,pork,"""Food, Beverages & Tobacco > Food Items > Meat, Seafood & Eggs > Meat > Fresh & Frozen Meats"""
food and drink,food,meat,beef,"""Food, Beverages & Tobacco > Food Items > Meat, Seafood & Eggs > Meat > Fresh & Frozen Meats"""
food and drink,food,meat,other meat,"""Food, Beverages & Tobacco > Food Items > Meat, Seafood & Eggs > Meat > Fresh & Frozen Meats"""
food and drink,food,food substitutues,meat substitutues,"""Food, Beverages & Tobacco > Food Items"""
food and drink,food,food substitutues,egg and dairy substitutes,"""Food, Beverages & Tobacco > Food Items > Dairy Products"""
food and drink,food,food substitutues,other substitutues,"""Food, Beverages & Tobacco > Food Items"""
food and drink,food,fresh vegetables,,"""Food, Beverages & Tobacco > Food Items > Fruits & Vegetables > Fresh & Frozen Vegetables"""
